PageRank,url,score
"6",timesunion.com,"6"
"6",beaumontenterprise.com,"6"
"6",bigrapidsnews.com,"6"
"6",canyonnews.com,"6"
"6",connecticutmag.com,"6"
"6",ctpost.com,"6"
"6",yourconroenews.com,"6"
"6",ctpostchronicle.com,"6"
"6",newstimes.com,"6"
"6",dariennewsonline.com,"6"
"6",darientimes.com,"6"
"6",dolphin-news.com,"6"
"6",fairfieldcitizenonline.com,"6"
"6",fuelfix.com,"6"
"6",gametimect.com,"6"
"6",greenstate.com,"6"
"6",greenwichtime.com,"6"
"6",houstonchronicle.com,"6"
"6",chron.com,"6"
"6",michigansthumb.com,"6"
"6",lmtonline.com,"6"
"6",manisteenews.com,"6"
"6",michiganworshipdirectory.com,"6"
"6",ourmidland.com,"6"
"6",mrt.com,"6"
"6",milfordmirror.com,"6"
"6",ctbulletin.com,"6"
"6",muleshoejournal.com,"6"
"6",mysanantonio.com,"6"
"6",ncadvertiser.com,"6"
"6",newcanaannewsonline.com,"6"
"6",nhregister.com,"6"
"6",newmilfordspectrum.com,"6"
"6",myplainview.com,"6"
"6",expressnews.com,"6"
"6",sfchronicle.com,"6"
"6",seattlepi.com,"6"
"6",sellitlaredo.com,"6"
"6",sfgate.com,"6"
"6",sheltonherald.com,"6"
"6",shorelinetimes.com,"6"
"6",southeasttexas.com,"6"
"6",stamfordadvocate.com,"6"
"6",theintelligencer.com,"6"
"6",thehomemonthly.com,"6"
"6",myjournalcourier.com,"6"
"6",countytimes.com,"6"
"6",middletownpress.com,"6"
"6",thehour.com,"6"
"6",registercitizen.com,"6"
"6",theridgefieldpress.com,"6"
"6",thetelegraph.com,"6"
"6",trumbulltimes.com,"6"
"6",westhartfordnews.com,"6"
"6",westport-news.com,"6"
"6",wiltonbulletin.com,"6"
